1,릉
2,틀
3,팻
4,옌
5,\
6,망
7,톱
8,눕
9,챘
10,ㅙ
11,윔
12,쳥
13,C
14,짤
15,뉼
16,:
17,깰
18,셤
19,쐬
20,혹
21,챕
22,돤
23,캔
24,귬
25,샾
26,듸
27,냑
28,녁
29,갚
30,렌
31,꿎
32,퀘
33,궬
34,-
35,확
36,맣
37,얗
38,쨌
39,쿵
40,귤
41,둡
42,밍
43,젱
44,톈
45,쩍
46,헤
47,팡
48,갤
49,과
50,낚
51,껌
52,셧
53,나
54,)
55,행
56,스
57,룻
58,꾹
59,엠
60,웁
61,따
62,웠
63,닮
64,핵
65,텅
66,됐
67,밧
68,곶
69,퍼
70,났
71,쏟
72,받
73,핼
74,완
75,종
76,쥔
77,꽹
78,$
79,갯
80,하
81,즙
82,김
83,낼
84,I
85,뺀
86,몌
87,립
88,볼
89,를
90,풀
91,퉜
92,꺼
93,거
94,훠
95,쳤
96,몄
97,퉁
98,췄
99,L
100,문
101,뿔
102,훈
103,뉠
104,텄
105,쉥
106,질
107,솽
108,팩
109,굳
110,ㄷ
111,ㅒ
112,튤
113,피
114,옐
115,홍
116,탑
117,볶
118,의
119,갈
120,룩
121,묻
122,능
123,럼
124,핏
125,쳔
126,템
127,돔
128,숌
129,켄
130,쏭
131,쉿
132,겔
133,퍽
134,험
135,았
136,샴
137,굼
138,R
139,톄
140,죠
141,뀐
142,눙
143,잽
144,명
145,팽
146,포
147,ㅋ
148,혼
149,팹
150,쏙
151,횬
152,웅
153,탐
154,얌
155,합
156,꿉
157,펐
158,삥
159,돛
160,웹
161,않
162,뉜
163,꿩
164,벙
165,낀
166,켁
167,딴
168,쾌
169,컸
170,솟
171,기
172,끔
173,뭔
174,끄
175,안
176,앎
177,튕
178,켤
179,괄
180,칡
181,덖
182,대
183,쌩
184,먀
185,말
186,졔
187,옅
188,똠
189,뜻
190,찧
191,푯
192,ㅠ
193,8
194,했
195,깥
196,풍
197,넙
198,힌
199,뺑
200,찼
201,햏
202,윙
203,툠
204,닐
205,므
206,낮
207,꼬
208,벅
209,h
210,효
211,젯
212,최
213,짖
214,됴
215,경
216,록
217,잤
218,향
219,랬
220,빔
221,냈
222,+
223,락
224,륌
225,슛
226,탔
227,얉
228,읽
229,훼
230,꿋
231,쾅
232,긍
233,맟
234,앓
235,띠
236,니
237,펙
238,뜬
239,갔
240,맹
241,묀
242,퓔
243,찌
244,낌
245,덱
246,속
247,뵬
248,밞
249,엾
250,뗗
251,허
252,툉
253,쇠
254,헨
255,쳅
256,쥬
257,촉
258,담
259,벼
260,닛
261,넴
262,등
263,훗
264,듈
265,광
266,찍
267,랖
268,뢰
269,솎
270,촛
271,춤
272,셨
273,닝
274,러
275,겋
276,ㅜ
277,팸
278,멍
279,짦
280,멀
281,쟁
282,샌
283,룰
284,설
285,싱
286,태
287,빰
288,듭
289,뚝
290,겨
291,쁜
292,며
293,얽
294,썸
295,웃
296,섹
297,옷
298,링
299,략
300,=
301,낄
302,넥
303,칙
304,맴
305,뎬
306,펌
307,슷
308,발
309,닳
310,쮸
311,테
312,야
313,짼
314,겟
315,령
316,숫
317,쏜
318,껐
319,곽
320,쿳
321,웜
322,듬
323,래
324,쩔
325,글
326,께
327,못
328,땝
329,척
330,준
331,킥
332,세
333,털
334,욱
335,젬
336,규
337,셉
338,떳
339,첫
340,뽐
341,쁠
342,섞
343,꼴
344,ㄹ
345,쪽
346,햇
347,렘
348,지
349,탄
350,료
351,비
352,췬
353,헸
354,길
355,별
356,날
357,뽑
358,벽
359,손
360,젋
361,셱
362,뒹
363,챵
364,멋
365,놘
366,쇤
367,녹
368,력
369,쿡
370,옹
371,휨
372,"
373,워
374,씸
375,갬
376,탤
377,멩
378,ㅞ
379,뇬
380,보
381,밂
382,소
383,멘
384,u
385,퀼
386,찮
387,결
388,푀
389,쉬
390,촙
391,쟝
392,판
393,윌
394,촘
395,밟
396,쌍
397,쉴
398,늠
399,법
400,잊
401,꿇
402,썩
403,휴
404,필
405,툰
406,몐
407,륄
408,큅
409,옮
410,짜
411,땅
412,깊
413,킷
414,총
415,쪄
416,축
417,ㅓ
418,솨
419,콕
420,쿨
421,꿰
422,G
423,흩
424,꺾
425,용
426,놨
427,도
428,ㅚ
429,증
430,셰
431,찿
432,였
433,앴
434,앨
435,b
436,꽌
437,휜
438,응
439,셌
440,빕
441,주
442, 
443,캠
444,뷸
445,쁨
446,넝
447,#
448,롄
449,마
450,늬
451,움
452,메
453,릐
454,궁
455,텀
456,솜
457,혈
458,옻
459,녔
460,환
461,찡
462,z
463,땠
464,젖
465,냘
466,쉘
467,클
468,잼
469,쌌
470,캡
471,녕
472,퇀
473,슴
474,쫑
475,혔
476,격
477,샹
478,섰
479,숭
480,붕
481,국
482,몇
483,두
484,입
485,옵
486,굶
487,묑
488,텍
489,촐
490,닿
491,뺐
492,홉
493,떄
494,꽝
495,렛
496,괭
497,깝
498,카
499,파
500,쌓
501,켕
502,캉
503,꼭
504,깜
505,춧
506,죄
507,매
508,느
509,ㄴ
510,뻣
511,욜
512,뗏
513,곁
514,숀
515,쌉
516,로
517,돌
518,또
519,떻
520,값
521,핀
522,쥴
523,꿈
524,휩
525,있
526,땄
527,청
528,잃
529,괼
530,댓
531,밌
532,샵
533,밉
534,옛
535,헙
536,꿨
537,빛
538,둣
539,댁
540,드
541,？
542,셋
543,얍
544,흘
545,왬
546,변
547,펭
548,뱀
549,냠
550,꽈
551,엿
552,F
553,0
554,곪
555,;
556,룔
557,팀
558,웬
559,뜩
560,갗
561,영
562,쿠
563,잖
564,창
565,괴
566,쌔
567,섭
568,콰
569,학
570,넉
571,볜
572,퓨
573,쑤
574,돼
575,닦
576,싣
577,취
578,눔
579,W
580,푼
581,졸
582,자
583,츈
584,땔
585,N
586,돗
587,아
588,팅
589,뮈
590,묽
591,샬
592,끼
593,끽
594,욥
595,즌
596,큇
597,뮨
598,츄
599,꼽
600,플
601,긁
602,쿰
603,융
604,퉈
605,랄
606,끌
607,떫
608,틍
609,유
610,팍
611,겸
612,압
613,챈
614,p
615,뺌
616,ㅘ
617,궃
618,괌
619,뱃
620,뒨
621,K
622,막
623,롸
624,웩
625,틴
626,난
627,상
628,<
629,집
630,량
631,뫼
632,겡
633,숄
634,곰
635,둘
636,땡
637,뎨
638,전
639,i
640,먄
641,ㅂ
642,회
643,촬
644,낭
645,겐
646,죌
647,탕
648,캅
649,ㅁ
650,맑
651,절
652,맬
653,껄
654,커
655,멜
656,~
657,쩐
658,읜
659,휠
660,신
661,알
662,퍄
663,운
664,뮬
665,쑈
666,휼
667,쳉
668,핸
669,쩨
670,즘
671,킨
672,껍
673,쾰
674,펼
675,욘
676,힘
677,뛴
678,훙
679,읍
680,몬
681,퀀
682,룽
683,우
684,괸
685,흡
686,쳐
687,쌤
688,댑
689,옙
690,떨
691,쿈
692,`
693,뮌
694,큔
695,눗
696,낯
697,켜
698,롯
699,뒀
700,시
701,쾡
702,린
703,윕
704,겪
705,잌
706,흙
707,뵙
708,죽
709,왁
710,얹
711,듐
712,누
713,맸
714,뼈
715,와
716,덴
717,횃
718,엣
719,멎
720,휙
721,힉
722,뒬
723,떠
724,괵
725,궤
726,은
727,열
728,이
729,꾐
730,짱
731,호
732,엄
733,펜
734,ㅈ
735,때
736,박
737,옭
738,벚
739,머
740,ㅔ
741,젹
742,엮
743,렉
744,셔
745,끓
746,헛
747,줌
748,랫
749,귄
750,퓸
751,됨
752,벵
753,탠
754,샷
755,랗
756,넒
757,관
758,렝
759,깽
760,숑
761,_
762,작
763,찜
764,덜
765,댐
766,땋
767,껩
768,먹
769,접
770,켐
771,븀
772,뒷
773,봄
774,둠
775,a
776,됩
777,살
778,ㅇ
779,첩
780,튼
781,출
782,붐
783,센
784,뺨
785,사
786,뱁
787,럭
788,식
789,가
790,r
791,숨
792,앤
793,퍌
794,덟
795,놓
796,묶
797,빗
798,타
799,힐
800,꾀
801,좇
802,쟈
803,엡
804,눌
805,점
806,믹
807,봇
808,뷴
809,릅
810,쐈
811,썹
812,숙
813,벰
814,뜷
815,롭
816,딛
817,텁
818,볍
819,쌕
820,당
821,갠
822,x
823,슝
824,티
825,캑
826,써
827,혁
828,닷
829,벨
830,언
831,캥
832,돈
833,쳄
834,극
835,깐
836,튜
837,쳇
838,썻
839,꽤
840,갑
841,얄
842,론
843,음
844,요
845,흥
846,봤
847,걀
848,ㅕ
849,닻
850,뺄
851,쩡
852,낳
853,H
854,퇴
855,델
856,칸
857,쟌
858,/
859,틈
860,퀜
861,D
862,단
863,씌
864,귓
865,폰
866,잰
867,키
868,쑥
869,빼
870,맡
871,구
872,귈
873,꼰
874,홋
875,근
876,훵
877,렙
878,룅
879,툴
880,쿄
881,녜
882,땀
883,슌
884,삵
885,서
886,뚱
887,술
888,습
889,륭
890,련
891,석
892,흭
893,희
894,깃
895,믐
896,췌
897,투
898,팥
899,률
900,긋
901,몫
902,팎
903,낏
904,슘
905,ㅡ
906,빴
907,폭
908,협
909,넵
910,뎅
911,젼
912,겉
913,윳
914,잿
915,쭉
916,억
917,택
918,볕
919,쏨
920,늄
921,휫
922,쐐
923,떵
924,켠
925,쾨
926,픽
927,몸
928,얜
929,햘
930,욤
931,컷
932,엊
933,왼
934,젠
935,똥
936,삼
937,븡
938,낑
939,옯
940,곳
941,존
942,든
943,조
944,람
945,뭘
946,릿
947,약
948,퀠
949,쉈
950,르
951,뜀
952,체
953,c
954,샐
955,큘
956,뎠
957,뼉
958,징
959,탰
960,왐
961,제
962,물
963,삯
964,딕
965,썰
966,뻤
967,푸
968,챔
969,늙
970,륑
971,밝
972,쎈
973,군
974,인
975,면
976,깎
977,걸
978,섀
979,끙
980,팔
981,싹
982,옳
983,간
984,쓰
985,뱅
986,n
987,믄
988,텝
989,갛
990,O
991,란
992,홈
993,온
994,큉
995,육
996,띨
997,몽
998,왓
999,흠
1000,곧
1001,팠
1002,뗐
1003,윾
1004,릭
1005,뀔
1006,꽉
1007,홓
1008,벌
1009,듀
1010,눠
1011,뀜
1012,퀄
1013,륜
1014,쇳
1015,리
1016,컫
1017,낱
1018,밤
1019,윤
1020,돋
1021,욧
1022,름
1023,젝
1024,,
1025,원
1026,수
1027,동
1028,널
1029,푁
1030,숴
1031,달
1032,쇨
1033,걔
1034,힝
1035,뿌
1036,댔
1037,좨
1038,짢
1039,q
1040,채
1041,턱
1042,쉼
1043,둥
1044,딤
1045,삭
1046,.
1047,쉔
1048,노
1049,녓
1050,ㄱ
1051,맞
1052,툽
1053,쨩
1054,쏠
1055,깅
1056,춍
1057,륨
1058,뜸
1059,뿍
1060,ㅝ
1061,째
1062,엌
1063,콥
1064,@
1065,쭤
1066,솁
1067,빳
1068,갇
1069,쁘
1070,넓
1071,홀
1072,끈
1073,딧
1074,똔
1075,듦
1076,l
1077,붉
1078,틋
1079,귀
1080,섈
1081,된
1082,쭈
1083,녤
1084,띈
1085,씬
1086,륙
1087,숲
1088,멥
1089,벗
1090,뷘
1091,낸
1092,눴
1093,귐
1094,뵐
1095,볏
1096,ㅣ
1097,애
1098,맙
1099,렁
1100,넬
1101,헥
1102,훑
1103,참
1104,탸
1105,어
1106,윗
1107,랠
1108,뱐
1109,X
1110,내
1111,룸
1112,짰
1113,계
1114,쎄
1115,뻐
1116,S
1117,양
1118,Y
1119,럿
1120,T
1121,덞
1122,멧
1123,펀
1124,갖
1125,뱌
1126,ㅎ
1127,냉
1128,페
1129,묵
1130,릇
1131,폈
1132,놉
1133,떼
1134,웍
1135,웡
1136,앉
1137,흑
1138,w
1139,반
1140,뎁
1141,?
1142,묏
1143,츳
1144,찻
1145,펍
1146,뭍
1147,후
1148,뜯
1149,멈
1150,꿔
1151,뗀
1152,맛
1153,독
1154,빈
1155,펏
1156,꾸
1157,쏘
1158,견
1159,품
1160,긱
1161,!
1162,5
1163,챠
1164,ㅛ
1165,번
1166,젓
1167,튀
1168,핌
1169,겅
1170,성
1171,솅
1172,뚜
1173,빽
1174,덥
1175,쩜
1176,추
1177,화
1178,끊
1179,랍
1180,슈
1181,렬
1182,궐
1183,A
1184,땜
1185,멕
1186,룹
1187,샙
1188,쇄
1189,감
1190,닫
1191,둬
1192,듣
1193,굽
1194,쥘
1195,빵
1196,섯
1197,댈
1198,훌
1199,봉
1200,갱
1201,켈
1202,쿱
1203,룡
1204,삽
1205,범
1206,혐
1207,얘
1208,츨
1209,텐
1210,급
1211,연
1212,펄
1213,펠
1214,백
1215,ㅅ
1216,1
1217,켑
1218,현
1219,무
1220,초
1221,복
1222,떡
1223,딘
1224,쿌
1225,뚤
1226,숩
1227,일
1228,꿴
1229,덤
1230,측
1231,넜
1232,헬
1233,뻗
1234,빌
1235,튬
1236,쇽
1237,뻔
1238,닌
1239,뾰
1240,퍈
1241,웻
1242,넋
1243,될
1244,딥
1245,딪
1246,쫄
1247,Q
1248,틔
1249,컴
1250,푹
1251,앳
1252,덫
1253,ㅍ
1254,늉
1255,찐
1256,좀
1257,럽
1258,닉
1259,랙
1260,뭐
1261,뛰
1262,으
1263,재
1264,멸
1265,볐
1266,떤
1267,평
1268,킁
1269,둔
1270,북
1271,셀
1272,뉴
1273,콘
1274,싯
1275,쑹
1276,킹
1277,쇼
1278,윷
1279,크
1280,씻
1281,섄
1282,웨
1283,얕
1284,민
1285,픔
1286,&
1287,씩
1288,2
1289,새
1290,닢
1291,캴
1292,치
1293,족
1294,롱
1295,텨
1296,엽
1297,짊
1298,특
1299,흄
1300,셸
1301,큐
1302,싸
1303,홰
1304,뻬
1305,ㅌ
1306,켰
1307,높
1308,퓐
1309,뮤
1310,삶
1311,뀌
1312,앗
1313,네
1314,숏
1315,랑
1316,캬
1317,툭
1318,놈
1319,숍
1320,갰
1321,뭉
1322,셜
1323,해
1324,심
1325,랐
1326,흉
1327,훔
1328,팟
1329,레
1330,킬
1331,혜
1332,실
1333,헌
1334,팝
1335,놀
1336,끝
1337,직
1338,걱
1339,왜
1340,봐
1341,뻥
1342,흔
1343,톨
1344,펴
1345,맵
1346,뒤
1347,줴
1348,핍
1349,멓
1350,s
1351,림
1352,빨
1353,뽀
1354,팁
1355,폐
1356,o
1357,츠
1358,밀
1359,혓
1360,>
1361,맨
1362,님
1363,예
1364,여
1365,뼘
1366,렀
1367,욕
1368,빡
1369,탉
1370,슨
1371,믈
1372,잣
1373,류
1374,다
1375,공
1376,밑
1377,g
1378,E
1379,옴
1380,캇
1381,콩
1382,꽥
1383,코
1384,울
1385,통
1386,쥐
1387,쩌
1388,짹
1389,섕
1390,뇽
1391,휘
1392,꿀
1393,쌈
1394,밴
1395,둑
1396,던
1397,디
1398,데
1399,횔
1400,챗
1401,옇
1402,탬
1403,펩
1404,싶
1405,찬
1406,톤
1407,쿼
1408,ㅐ
1409,쯤
1410,홑
1411,균
1412,빙
1413,섶
1414,왔
1415,뷰
1416,개
1417,묜
1418,톰
1419,챌
1420,긴
1421,활
1422,오
1423,렷
1424,엷
1425,섣
1426,득
1427,엔
1428,v
1429,셴
1430,밥
1431,뭣
1432,랴
1433,꽁
1434,켓
1435,댄
1436,핑
1437,옆
1438,낙
1439,룀
1440,풋
1441,념
1442,폼
1443,그
1444,선
1445,왠
1446,침
1447,적
1448,을
1449,킴
1450,밖
1451,빻
1452,쨍
1453,되
1454,셍
1455,윽
1456,궈
1457,편
1458,샤
1459,숱
1460,좡
1461,뵤
1462,뿜
1463,권
1464,넛
1465,츤
1466,텼
1467,월
1468,힙
1469,찔
1470,촨
1471,장
1472,쬐
1473,볘
1474,푤
1475,눅
1476,순
1477,돕
1478,텡
1479,륀
1480,항
1481,낡
1482,껫
1483,배
1484,갭
1485,몰
1486,왈
1487,함
1488,빅
1489,액
1490,뵌
1491,릴
1492,잦
1493,괜
1494,푄
1495,첸
1496,픈
1497,욀
1498,팰
1499,첼
1500,쭐
1501,형
1502,짚
1503,벋
1504,렐
1505,랭
1506,됬
1507,캣
1508,훅
1509,컨
1510,붇
1511,팬
1512,펨
1513,솔
1514,미
1515,염
1516,책
1517,썽
1518,묠
1519,똑
1520,옘
1521,첵
1522,풰
1523,ㅖ
1524,싫
1525,겼
1526,폴
1527,쯔
1528,숯
1529,ㅊ
1530,횡
1531,쪘
1532,궜
1533,콸
1534,슥
1535,례
1536,꼈
1537,뮐
1538,엉
1539,퓰
1540,툐
1541,즐
1542,깼
1543,힛
1544,뗄
1545,돠
1546,흰
1547,터
1548,햄
1549,즈
1550,끗
1551,려
1552,붑
1553,럴
1554,P
1555,뻘
1556,넣
1557,퀴
1558,앰
1559,좁
1560,툼
1561,뤽
1562,딨
1563,틱
1564,강
1565,솝
1566,튈
1567,렸
1568,짬
1569,썬
1570,냄
1571,쫒
1572,닭
1573,텃
1574,착
1575,솥
1576,핥
1577,냐
1578,읊
1579,댕
1580,짓
1581,늑
1582,깨
1583,베
1584,롼
1585,뼛
1586,컥
1587,쨋
1588,J
1589,넘
1590,춥
1591,ㅏ
1592,텟
1593,%
1594,튿
1595,뵘
1596,라
1597,녠
1598,웟
1599,는
1600,넨
1601,뒴
1602,뤄
1603,k
1604,룝
1605,깁
1606,t
1607,납
1608,쟀
1609,맘
1610,외
1611,브
1612,웰
1613,뎃
1614,한
1615,7
1616,굴
1617,잠
1618,년
1619,깍
1620,바
1621,쯩
1622,껴
1623,악
1624,굿
1625,앵
1626,쓸
1627,듄
1628,본
1629,줍
1630,얀
1631,왑
1632,릎
1633,율
1634,쏴
1635,냥
1636,교
1637,샥
1638,건
1639,빤
1640,줬
1641,₩
1642,셩
1643,없
1644,츰
1645,탭
1646,업
1647,틂
1648,찹
1649,위
1650,농
1651,롬
1652,녘
1653,촌
1654,큼
1655,케
1656,덧
1657,암
1658,V
1659,저
1660,횟
1661,만
1662,홧
1663,엎
1664,ㅑ
1665,맺
1666,굉
1667,쉰
1668,헀
1669,폄
1670,꼼
1671,씀
1672,칩
1673,꽂
1674,루
1675,U
1676,뷔
1677,띤
1678,튄
1679,불
1680,모
1681,삔
1682,샨
1683,획
1684,진
1685,뮴
1686,철
1687,처
1688,올
1689,램
1690,궂
1691,뎌
1692,좌
1693,랜
1694,잡
1695,퐁
1696,잎
1697,웸
1698,찟
1699,딸
1700,꾼
1701,6
1702,곗
1703,헹
1704,골
1705,너
1706,줄
1707,됭
1708,쫀
1709,객
1710,줘
1711,퇼
1712,천
1713,쯕
1714,십
1715,뱉
1716,햐
1717,먼
1718,헷
1719,죤
1720,팼
1721,게
1722,버
1723,멤
1724,프
1725,뽕
1726,껀
1727,벳
1728,넌
1729,쑨
1730,칼
1731,팜
1732,짝
1733,앙
1734,펑
1735,슐
1736,혀
1737,앱
1738,넹
1739,첨
1740,칵
1741,뱡
1742,벱
1743,앞
1744,잭
1745,벤
1746,띵
1747,솀
1748,토
1749,뤼
1750,봅
1751,쓴
1752,깻
1753,뭄
1754,훤
1755,왕
1756,겁
1757,춘
1758,꿍
1759,렵
1760,뤘
1761,겜
1762,승
1763,윅
1764,션
1765,캄
1766,칫
1767,곡
1768,m
1769,짭
1770,텔
1771,퀸
1772,퀵
1773,캘
1774,콧
1775,깬
1776,4
1777,남
1778,탯
1779,엇
1780,삐
1781,딜
1782,폽
1783,짇
1784,짐
1785,뇰
1786,냔
1787,쭌
1788,까
1789,뿐
1790,씰
1791,ㅗ
1792,뜨
1793,썼
1794,f
1795,쌘
1796,쥰
1797,빠
1798,묄
1799,밈
1800,뎐
1801,익
1802,삿
1803,냇
1804,겊
1805,쌀
1806,탓
1807,겹
1808,쵸
1809,y
1810,웽
1811,(
1812,꽃
1813,룬
1814,잔
1815,짠
1816,톳
1817,뇌
1818,딱
1819,턴
1820,줏
1821,붙
1822,뉘
1823,것
1824,푈
1825,ㅟ
1826,윰
1827,뵈
1828,챙
1829,엥
1830,차
1831,겠
1832,같
1833,3
1834,및
1835,목
1836,렴
1837,씹
1838,젤
1839,밭
1840,9
1841,깟
1842,뢸
1843,젊
1844,띌
1845,흐
1846,몆
1847,맏
1848,져
1849,헵
1850,많
1851,샅
1852,덯
1853,친
1854,고
1855,뜰
1856,헉
1857,갉
1858,캐
1859,검
1860,렇
1861,샛
1862,닥
1863,떴
1864,윈
1865,런
1866,곤
1867,굄
1868,꼿
1869,쨈
1870,짧
1871,산
1872,뽁
1873,생
1874,덮
1875,뛸
1876,잉
1877,셈
1878,씨
1879,틸
1880,뢴
1881,송
1882,뎀
1883,금
1884,j
1885,른
1886,중
1887,부
1888,껑
1889,쓱
1890,얼
1891,*
1892,딩
1893,e
1894,넸
1895,헝
1896,늦
1897,헐
1898,툇
1899,뚫
1900,에
1901,d
1902,됸
1903,옝
1904,^
1905,냅
1906,훨
1907,콤
1908,잘
1909,얏
1910,멱
1911,낵
1912,됙
1913,퓌
1914,폿
1915,쳬
1916,랏
1917,듯
1918,죈
1919,역
1920,졍
1921,댜
1922,쿤
1923,맷
1924,맥
1925,늘
1926,졌
1927,녀
1928,띄
1929,껏
1930,틉
1931,튠
1932,믿
1933,숟
1934,랩
1935,ㅢ
1936,륵
1937,햅
1938,뚬
1939,엘
1940,챤
1941,굣
1942,갓
1943,궉
1944,즉
1945,눈
1946,곱
1947,얻
1948,놋
1949,었
1950,뇨
1951,답
1952,좋
1953,뷜
1954,춰
1955,깔
1956,콴
1957,탈
1958,짙
1959,임
1960,놔
1961,펫
1962,덕
1963,표
1964,벡
1965,뻑
1966,큽
1967,블
1968,젭
1969,굵
1970,트
1971,분
1972,층
1973,'
1974,랸
1975,할
1976,들
1977,킵
1978,씁
1979,낟
1980,쉽
1981,M
1982,밋
1983,톡
1984,땃
1985,늪
1986,낫
1987,옥
1988,뺏
1989,넷
1990,뚠
1991,좆
1992,뭇
1993,땐
1994,갹
1995,큰
1996,더
1997,슬
1998,띔
1999,쪼
2000,슭
2001,컹
2002,Z
2003,잴
2004,섐
2005,찢
2006,컬
2007,엑
2008,쭝
2009,충
2010,씽
2011,붓
2012,밸
2013,똘
2014,퇘
2015,몹
2016,헴
2017,정
2018,탱
2019,걷
2020,샘
2021,싼
2022,팃
2023,병
2024,B
2025,찾
2026,섬
2027,괘
2028,패
2029,쉐
2030,잇
2031,쾃
2032,칭
2033,큄
2034,찰
2035,콜
2036,색
2037,깡
2038,핫
2039,히
2040,얇
2041,칠
2042,갸
2043,빚
2044,꺽
2045,닙
2046,컵
2047,샀
2048,방
2049,덩
2050,탁
2051,묘
2052,븐
2053,쫓
2054,각
2055,롤
2056,논
2057,황
